timestamp,service,cpu_util,request_latency_ms,error_rate,memory_util
2026-03-01 17:28:00+00:00,auth,0.453401621202321,69.24940443580051,0.00909036301351722,0.5302626642731445
2026-03-01 17:29:00+00:00,orders,0.5388355108706772,111.45007001653,0.012736611652432353,0.625084702279391
2026-03-01 17:30:00+00:00,payments,0.6882354747838294,145.46257059760873,0.01854389300840871,0.761319981107718
2026-03-01 17:31:00+00:00,payments,0.7799771583294268,162.97783355178456,0.014702804972344257,0.6681151256074961
2026-03-01 17:32:00+00:00,payments,0.42311217292285364,151.85749451039877,0.0035384251218005362,0.9329731841409548
2026-03-01 17:33:00+00:00,orders,0.40917606480615326,152.50266062944272,0.009650817457506365,0.5042482966962089
2026-03-01 17:34:00+00:00,auth,0.3369590126050358,57.32937432212373,0.0007702341026003751,0.488549550273211
2026-03-01 17:35:00+00:00,orders,0.4263849631028551,131.14482939218558,0.01417729167978709,0.616897262146883
2026-03-01 17:36:00+00:00,auth,0.35730683282263065,80.50429783782752,0.004530957019204002,0.5609161033336524
2026-03-01 17:37:00+00:00,auth,0.6090472978419809,100.49207459618836,0.0071186632395436105,0.5360588236891796
2026-03-01 17:38:00+00:00,payments,0.5950302796508691,153.31187176836656,0.016627483918269213,0.5532069583569501
2026-03-01 17:39:00+00:00,orders,0.5426481218026475,91.14033035290134,0.008097832726777745,0.6248377306691452
2026-03-01 17:40:00+00:00,orders,0.6325902827770958,134.76701625550137,0.01454910353888059,0.4259592794546559
2026-03-01 17:41:00+00:00,orders,0.3407231366061298,102.95765916223462,0.01475929385765646,0.5376387806468449
2026-03-01 17:42:00+00:00,orders,0.5711153921821422,107.30607982969426,0.0,0.6566537504361921
2026-03-01 17:43:00+00:00,orders,0.6470659804758879,126.90401844235669,0.017951528517550587,0.654835285645617
2026-03-01 17:44:00+00:00,payments,0.5346294218044231,137.7500051151999,0.0055249341175551275,0.8360937323562985
2026-03-01 17:45:00+00:00,auth,0.36988041931081783,86.01162307064395,0.004783600935719423,0.47879456754169475
2026-03-01 17:46:00+00:00,orders,0.5262276711414409,109.18155676593703,0.0,0.5161692575240215
2026-03-01 17:47:00+00:00,payments,0.6431148447240131,108.05671020603448,0.025738393886742178,0.8467907450720971
2026-03-01 17:48:00+00:00,payments,0.5671405858883589,103.69124392433756,0.030134341257113985,0.6247841194034406
2026-03-01 17:49:00+00:00,payments,0.6117226373855295,169.59734649843682,0.011624712085626477,0.9329273610555973
2026-03-01 17:50:00+00:00,auth,0.38322500950817523,92.76906114718594,0.010143189447891977,0.7239004520690631
2026-03-01 17:51:00+00:00,orders,0.5895182246423797,139.642827959105,0.008919754872219373,0.6342603245449762
2026-03-01 17:52:00+00:00,orders,0.47672378271919785,102.96077864670531,0.017126740171288776,0.7120166502824425
2026-03-01 17:53:00+00:00,payments,0.8370392368224454,141.6989972974286,0.02041576594015417,0.8095490282945318
2026-03-01 17:54:00+00:00,payments,0.6113308223937584,132.117333010315,0.012196867823936195,0.8071139006822912
2026-03-01 17:55:00+00:00,orders,0.5292570420650812,106.38317584299001,0.010413566373737797,0.6899365663091809
2026-03-01 17:56:00+00:00,payments,0.6755171548909236,150.2551688016946,0.012972122158905681,0.7128022187025876
2026-03-01 17:57:00+00:00,payments,0.6044503737083341,173.84796758746882,0.02419595763092297,0.6882773841781323
2026-03-01 17:58:00+00:00,payments,0.6383284616752517,155.41091829079195,0.017691693905252697,0.6890591172960392
2026-03-01 17:59:00+00:00,auth,0.5885839469824921,105.2490449539511,0.013991889592243983,0.7028134721657705
2026-03-01 18:00:00+00:00,auth,0.6633547018468285,108.58760585174768,0.004470155841712094,0.6508838946844343
2026-03-01 18:01:00+00:00,payments,0.6306618348479679,130.31835190077098,0.031917184335448094,0.7490530596319517
2026-03-01 18:02:00+00:00,orders,0.39411778335226644,105.55984034194161,0.00466907008765229,0.6114242791687459
2026-03-01 18:03:00+00:00,auth,0.3779903359822261,89.03206891383405,0.005487609787744422,0.48633196817526986
2026-03-01 18:04:00+00:00,orders,0.3290091022423014,107.55594753618914,0.006531314691416647,0.5778821318008137
2026-03-01 18:05:00+00:00,orders,0.6248489221102748,144.18221422205187,0.0171345287316031,0.5633589964098946
2026-03-01 18:06:00+00:00,auth,0.43422257302483785,108.95020245397157,0.008706345104929791,0.6284015459437824
2026-03-01 18:07:00+00:00,payments,0.6793156472570475,186.7887886694685,0.01414214017037663,0.8501186275033896
2026-03-01 18:08:00+00:00,auth,0.4839088885658357,91.28977321807753,0.012833348445498863,0.6111701127598322
2026-03-01 18:09:00+00:00,orders,0.45135045650480027,133.83351845942667,0.002392477347256809,0.6621037804618691
2026-03-01 18:10:00+00:00,orders,0.4990024939496913,157.61876698826558,0.017644955504810086,0.6375593575828599
2026-03-01 18:11:00+00:00,payments,0.7581838289101894,197.37556508944897,0.025994690659795913,0.7281314217861419
2026-03-01 18:12:00+00:00,auth,0.5810088351083915,78.27642486641552,0.004332877062380291,0.5954036499363243
2026-03-01 18:13:00+00:00,orders,0.41522019720568265,169.8881724857836,0.011724489504788554,0.676646360549198
2026-03-01 18:14:00+00:00,payments,0.8112133397363662,164.8366996596856,0.018779307303662254,0.6188556376862709
2026-03-01 18:15:00+00:00,orders,0.4131027267224512,97.32422529748852,0.006038023347787832,0.6318686431809036
2026-03-01 18:16:00+00:00,orders,0.5243546069914846,121.54922080120035,0.009084424638486546,0.6936887555312697
2026-03-01 18:17:00+00:00,orders,0.4743380525277918,94.12359303384447,0.006913878294491794,0.628513327966193
2026-03-01 18:18:00+00:00,orders,0.5740173898195229,102.89266958953812,0.016331126004292644,0.6906219844518517
2026-03-01 18:19:00+00:00,auth,0.3909200045100234,81.67839506921771,0.008747108366920825,0.6599732213635022
2026-03-01 18:20:00+00:00,payments,0.6640582090100083,179.2099053403227,0.024366224077953864,0.792442706238498
2026-03-01 18:21:00+00:00,payments,0.6948501574639162,187.25879990441433,0.014422738741360425,0.8021150746394792
2026-03-01 18:22:00+00:00,payments,0.5034049039895876,183.90297949213542,0.017603529299587337,0.7754659528447786
2026-03-01 18:23:00+00:00,auth,0.4428305507840523,69.27248882408978,0.013463896552439326,0.6108296914289022
2026-03-01 18:24:00+00:00,payments,0.6203335583342817,168.4229753133787,0.01707600896560852,0.7845498906524982
2026-03-01 18:25:00+00:00,auth,0.5144136303243221,77.56612604772887,0.0030447225554621985,0.6192011389043469
2026-03-01 18:26:00+00:00,orders,0.5807284577081633,106.13818477437528,0.01566213904881419,0.6983740493329975
2026-03-01 18:27:00+00:00,orders,0.5688764681692147,96.74259276895796,0.003404194330619767,0.5475926032797668
2026-03-01 18:28:00+00:00,orders,0.56147407118356,96.8584799962349,0.00998203940740333,0.45726703578163286
2026-03-01 18:29:00+00:00,orders,0.6819991384438697,116.8257436725544,0.0076840716882786144,0.7589143570413098
2026-03-01 18:30:00+00:00,payments,0.7334318411371948,167.9504114122465,0.0113115430812337,0.6829071869842192
2026-03-01 18:31:00+00:00,orders,0.4439165607859603,93.23219479549904,0.01846754984229685,0.6430992857641036
2026-03-01 18:32:00+00:00,payments,0.7252565502258869,165.5898172003951,0.02329665227665402,0.617101083286942
2026-03-01 18:33:00+00:00,auth,0.4904336252126633,84.987766366958,0.004156792379462504,0.6109525026697769
2026-03-01 18:34:00+00:00,orders,0.5350558620417374,138.52679310102792,0.005249504409367895,0.46569626940534903
2026-03-01 18:35:00+00:00,payments,0.6532770706074555,117.07986976358869,0.02320199204462691,0.623180656935922
2026-03-01 18:36:00+00:00,auth,0.43366907501389307,101.25019027130043,0.006729180180617486,0.5872633126401685
2026-03-01 18:37:00+00:00,payments,0.7275033355524748,171.02169470578758,0.022748437559244532,0.5464536751542142
2026-03-01 18:38:00+00:00,orders,0.641942083846763,99.80942217681469,0.02002114552342507,0.555756245250316
2026-03-01 18:39:00+00:00,auth,0.45063239248387715,114.09077763632376,0.006438234761433767,0.4173111096228654
2026-03-01 18:40:00+00:00,payments,0.6839843379893201,109.32558086620338,0.030295725231341157,0.7336948611545949
2026-03-01 18:41:00+00:00,auth,0.3637572934141013,70.64945878472145,0.010437803863260934,0.5666896861928447
2026-03-01 18:42:00+00:00,orders,0.6538085828404233,181.81051734212062,0.011833526302415312,0.6894686863132845
2026-03-01 18:43:00+00:00,payments,0.7620336884085254,126.16201634624835,0.029594758409890426,0.7016551216773406
2026-03-01 18:44:00+00:00,auth,0.44332783792177344,95.49958455563886,0.008724979159462515,0.51550464329207
2026-03-01 18:45:00+00:00,auth,0.44135287569937315,75.43238485179452,0.002675113821073615,0.45761272338879844
2026-03-01 18:46:00+00:00,payments,0.6618295072652822,189.10695203424262,0.015000442481206916,0.6660012295470291
2026-03-01 18:47:00+00:00,orders,0.4120412715589885,110.06954207878331,0.006190327968099562,0.5948290851980397
2026-03-01 18:48:00+00:00,orders,0.5118880102509717,121.58438812217514,0.00861362907995361,0.5739144722612786
2026-03-01 18:49:00+00:00,payments,0.5908731852871862,175.20660488082592,0.020984418547473425,0.414438117565493
2026-03-01 18:50:00+00:00,auth,0.47625189227383796,96.64575923848483,0.009546231208702433,0.694545329544066
2026-03-01 18:51:00+00:00,orders,0.6622308986280535,91.50249394174722,0.007991905796157748,0.7460793674281669
2026-03-01 18:52:00+00:00,payments,0.6669425382626326,194.6219486905759,0.013011194485934297,0.585268253030583
2026-03-01 18:53:00+00:00,orders,0.5857271194679159,157.53401867880808,0.00562690798992247,0.525744156825457
2026-03-01 18:54:00+00:00,auth,0.4211270946826689,88.16478689037183,0.006267383337933048,0.6983196272708563
2026-03-01 18:55:00+00:00,auth,0.49300769657815974,64.36731843813457,0.011823341650823717,0.668737648023649
2026-03-01 18:56:00+00:00,orders,0.5575736728331796,144.62901497766416,0.012474134298651879,0.548166197802065
2026-03-01 18:57:00+00:00,orders,0.5204083775908809,126.53214915619448,0.005860422246540783,0.639024782754344
2026-03-01 18:58:00+00:00,payments,0.3076346186561947,141.84976848938123,0.018186842528916444,0.8220840651403166
2026-03-01 18:59:00+00:00,orders,0.5054579166863029,90.37034392684956,0.0010981689563090563,0.6551409438848494
2026-03-01 19:00:00+00:00,orders,0.5659397156781292,124.63467130994165,0.010101617645759134,0.6646708730906659
2026-03-01 19:01:00+00:00,payments,0.6721174310023554,115.43253476169697,0.013202004407049082,0.6435373999936869
2026-03-01 19:02:00+00:00,orders,0.5172863287513966,95.32851698762039,0.0029857190179105875,0.7020114240112052
2026-03-01 19:03:00+00:00,auth,0.530890107247388,102.99615788195878,0.006117237390689241,0.58041707334847
2026-03-01 19:04:00+00:00,auth,0.47088005293679264,81.52999002067776,0.006090154150693293,0.6680500096762126
2026-03-01 19:05:00+00:00,orders,0.536167924106,152.17181579641394,0.008239195659662399,0.6378720758613365
2026-03-01 19:06:00+00:00,payments,0.2286745892263738,142.78688408788972,0.030960562473088406,0.7460591677656842
2026-03-01 19:07:00+00:00,auth,0.48462294858794425,82.52539666277023,0.009623394832413595,0.5609642544481461
2026-03-01 19:08:00+00:00,orders,0.5470738835503534,137.8022841007698,0.007454485556983221,0.6640445545044569
2026-03-01 19:09:00+00:00,auth,0.4637208743304507,75.02346624194433,0.01028877944701081,0.5762237821518224
2026-03-01 19:10:00+00:00,orders,0.4789735624355851,122.0996588467302,0.00764391963987093,0.5966711666616425
2026-03-01 19:11:00+00:00,auth,0.460005907516399,80.84003412637422,0.00934429809180861,0.4725222903630414
2026-03-01 19:12:00+00:00,orders,0.5878916436493294,66.39973540855891,0.02200481550795077,0.6256428472913043
2026-03-01 19:13:00+00:00,orders,0.8022820183573878,98.36484846950133,0.012282057835847853,0.6296780762048271
2026-03-01 19:14:00+00:00,orders,0.3800712024606533,135.13074489519718,0.01322685504497666,0.6393588322237133
2026-03-01 19:15:00+00:00,payments,0.440419025185404,153.06093891721721,0.0209095852027437,0.5709314570024744
2026-03-01 19:16:00+00:00,payments,0.6796945461035082,152.3696614902003,0.01625576697516462,0.8538705482359231
2026-03-01 19:17:00+00:00,orders,0.5691611271770982,146.68344121790943,0.003118008518288527,0.6895285826824484
2026-03-01 19:18:00+00:00,auth,0.4094909376520007,95.99046616972885,0.0029432080478455757,0.5917593043599072
2026-03-01 19:19:00+00:00,orders,0.47158289202429854,144.4017358528269,0.00873018433181539,0.6699631113750348
2026-03-01 19:20:00+00:00,payments,0.6825282270993475,184.01041436270106,0.027548948574851014,0.6955972339945323
2026-03-01 19:21:00+00:00,payments,0.5021328341846076,139.16188724989664,0.000635076721636707,0.7390040396483535
2026-03-01 19:22:00+00:00,payments,0.5516687753933167,160.56103415408774,0.0018871792410776814,0.9425779791881684
2026-03-01 19:23:00+00:00,payments,0.7807595087475545,120.34118551696181,0.02436670924175819,0.8616440100589403
2026-03-01 19:24:00+00:00,auth,0.4821545983171316,87.35057922689032,0.009614103319784753,0.5648308742739534
2026-03-01 19:25:00+00:00,auth,0.45318993811105573,94.60126803195473,0.004897075844976803,0.4557878306532429
2026-03-01 19:26:00+00:00,auth,0.6065217816251417,95.06690595500382,0.008705828334764791,0.5559042310546723
2026-03-01 19:27:00+00:00,auth,0.570134843173267,108.48926317739434,0.0037287966938028194,0.5536216348914553
2026-03-01 19:28:00+00:00,payments,0.5767566855270057,163.5095183413144,0.018483747584938943,0.6793434378712941
2026-03-01 19:29:00+00:00,orders,0.5919662319767325,84.97571395068798,0.01307651314970756,0.6239795302610165
2026-03-01 19:30:00+00:00,payments,0.8767212343643284,150.09325650556912,0.020003570402086085,0.6506779815129641
2026-03-01 19:31:00+00:00,payments,0.6297888161506019,127.50559985146448,0.007388831173451609,0.6774454988480468
2026-03-01 19:32:00+00:00,orders,0.5441901725995075,126.63415074988389,0.006877355435434968,0.5471786613553065
2026-03-01 19:33:00+00:00,payments,0.6748839794569393,142.92511913475442,0.01781413031319707,0.7609898248476535
2026-03-01 19:34:00+00:00,auth,0.48700925867895506,85.20099388789869,0.009338966442629191,0.7038048933315713
2026-03-01 19:35:00+00:00,orders,0.6085669296638218,142.34133476262446,0.016540314217589926,0.6260904132256438
2026-03-01 19:36:00+00:00,payments,0.8078561838348468,144.47472760454335,0.03402807528321074,0.6994775865749129
2026-03-01 19:37:00+00:00,payments,0.6444129827812761,141.8953461198871,0.024593596958366902,0.6704755854996528
2026-03-01 19:38:00+00:00,payments,0.5197421621240119,203.1402372680305,0.019357652361142494,0.8567181250709042
2026-03-01 19:39:00+00:00,payments,0.6179299803136281,147.0466199307636,0.014487568719160498,0.6985790108222163
2026-03-01 19:40:00+00:00,auth,0.4065859953213663,69.32399056415976,0.005580203287077883,0.6315370662810729
2026-03-01 19:41:00+00:00,payments,0.62608281901909,142.68311669467988,0.014843417185044849,0.9399589093037319
2026-03-01 19:42:00+00:00,orders,0.6457955918857902,83.51661755719061,0.00598651707049485,0.6174783993593831
2026-03-01 19:43:00+00:00,auth,0.38213119696116077,104.94111383200776,0.004152096049218435,0.5609156351273173
2026-03-01 19:44:00+00:00,payments,0.47987841825782784,87.07647127169575,0.0009664168863998575,0.7190742563752173
2026-03-01 19:45:00+00:00,auth,0.5433800067162206,85.35916559063844,0.010141460409447198,0.5799029847840866
2026-03-01 19:46:00+00:00,payments,0.6018584721525094,123.17377944061568,0.020061123367369284,0.8885318394224727
2026-03-01 19:47:00+00:00,payments,0.5483588696602819,142.1077972663094,0.02476386486785483,0.7457319422710627
2026-03-01 19:48:00+00:00,orders,0.5573179005991363,119.8261006617888,0.010568169320674121,0.6373863421831878
2026-03-01 19:49:00+00:00,auth,0.4783924457602997,105.60429422408328,0.008724933565030254,0.5635369902483359
2026-03-01 19:50:00+00:00,auth,0.4936100382374128,95.36727958455458,0.0061580695958213085,0.5437668812163562
2026-03-01 19:51:00+00:00,payments,0.7316793532906177,129.42441971470072,0.0053950453826350775,0.8062960573249447
2026-03-01 19:52:00+00:00,orders,0.6418847059572761,126.02453276278604,0.009069741800122207,0.8185872776426362
2026-03-01 19:53:00+00:00,orders,0.3290131895590191,113.38317913337183,0.01282160329690958,0.5728604499312888
2026-03-01 19:54:00+00:00,auth,0.3378789809118065,88.16407457715317,0.012353536547063192,0.4734058242089371
2026-03-01 19:55:00+00:00,auth,0.5249206937090727,94.88286251664813,0.006678042735290773,0.5479158497914457
2026-03-01 19:56:00+00:00,orders,0.6831407068124421,79.25243918117357,0.00879754964072287,0.6580060117212824
2026-03-01 19:57:00+00:00,auth,0.4918094236750054,117.31417584176819,0.008096323021912804,0.500312139467799
2026-03-01 19:58:00+00:00,orders,0.5737555936703106,112.83464157837797,0.010645531864645313,0.7161615860519868
2026-03-01 19:59:00+00:00,auth,0.3822698520909866,119.07772740675254,0.008806740343035803,0.4599747568861483
2026-03-01 20:00:00+00:00,orders,0.6370059020170664,112.79928053438947,0.010819349541110072,0.6288201722689445
2026-03-01 20:01:00+00:00,auth,0.4269932634785036,90.9713358918589,0.006141002197614159,0.6008977451638028
2026-03-01 20:02:00+00:00,payments,0.6338073061603782,191.4512278013339,0.012708664861545472,0.6375388948482276
2026-03-01 20:03:00+00:00,payments,0.5988924675937672,145.05186673811343,0.008740282942132622,0.6246240777412588
2026-03-01 20:04:00+00:00,auth,0.4784602043049564,92.24266830643906,0.009413408880199788,0.5913011727946589
2026-03-01 20:05:00+00:00,payments,0.6183199876315166,188.65332747954756,0.010277190441529891,0.7559705955014987
2026-03-01 20:06:00+00:00,payments,0.6545434220246783,151.85113902151105,0.0184278530145752,0.8088553242465315
2026-03-01 20:07:00+00:00,orders,0.4302111829642631,116.7424070999494,0.008328061213043495,0.8304060607254948
2026-03-01 20:08:00+00:00,orders,0.4652307106555198,107.60362864064847,0.014425469342485564,0.5859764637441671
2026-03-01 20:09:00+00:00,payments,0.6978495619658758,151.1168350926473,0.0013247827600922045,0.7140256502000463
2026-03-01 20:10:00+00:00,payments,0.520031654846368,147.33610656862498,0.02291416350685651,0.5813606664916302
2026-03-01 20:11:00+00:00,payments,0.5154253604116601,150.11388754864376,0.024030840559469455,0.5739741633710672
2026-03-01 20:12:00+00:00,payments,0.7515147136942784,201.5638500914958,0.015991179295704698,0.5672863597813759
2026-03-01 20:13:00+00:00,orders,0.5531344464730297,110.25373262868771,0.013191941874187128,0.6491680300088042
2026-03-01 20:14:00+00:00,auth,0.4636726758849371,105.0673622045294,0.006399642958505827,0.4170633990905538
2026-03-01 20:15:00+00:00,auth,0.4395480169937512,78.16074554125714,0.0067650850333513726,0.5501852290003899
2026-03-01 20:16:00+00:00,payments,0.5846429440574796,80.41167819746346,0.0,0.5332377887060619
2026-03-01 20:17:00+00:00,auth,0.45275582123538277,94.66298521665557,0.012087927919410024,0.6396561108719939
2026-03-01 20:18:00+00:00,auth,0.442361583525518,89.63792012864602,0.0048782418424627005,0.6447378991117058
2026-03-01 20:19:00+00:00,auth,0.47067937584717284,94.39471496040575,0.0007616590072115296,0.6420669474308192
2026-03-01 20:20:00+00:00,orders,0.5384665899596284,119.12646178836648,0.011556930273734164,0.5481074829596316
2026-03-01 20:21:00+00:00,orders,0.5654761729208991,129.73400130933365,0.009847708332690209,0.5883627738371036
2026-03-01 20:22:00+00:00,orders,0.637606364483697,113.30261121715333,0.015982720152599987,0.6424040519356992
2026-03-01 20:23:00+00:00,payments,0.47414736981434386,89.95362766683964,0.010028650991980881,0.7209485359447088
2026-03-01 20:24:00+00:00,orders,0.38113017162274365,110.98772357590396,0.010820828780929093,0.6961673656076957
2026-03-01 20:25:00+00:00,auth,0.563004438109521,78.33283671670831,0.012832810985035683,0.5631130565521169
2026-03-01 20:26:00+00:00,orders,0.6276437164545579,122.03178884159807,0.010466513560870314,0.6487185350621216
2026-03-01 20:27:00+00:00,payments,0.6788193980321415,133.7048750683166,0.02786321547282157,0.8225043921708025
2026-03-01 20:28:00+00:00,orders,0.5407453718962135,77.739849630306,0.01252345014944063,0.7333203364401262
2026-03-01 20:29:00+00:00,auth,0.28033390913480916,67.74605509367444,0.01564798385782101,0.492396373762468
2026-03-01 20:30:00+00:00,payments,0.6809706786635956,150.43583645812706,0.0,0.7086584213075191
2026-03-01 20:31:00+00:00,orders,0.5216596324987908,130.49477279898207,0.020482933414854253,0.6114531220466596
2026-03-01 20:32:00+00:00,payments,0.4616213217017623,170.70313274292036,0.015219812702451844,0.4839585242662147
2026-03-01 20:33:00+00:00,payments,0.6552429887009967,164.19261594082425,0.008559993772261926,0.690923953966545
2026-03-01 20:34:00+00:00,auth,0.4434204814843221,60.97823189612191,0.006784192203652005,0.4733040938113552
2026-03-01 20:35:00+00:00,payments,0.7109141401671211,138.4726226135829,0.024436562412678692,0.6937201003367393
2026-03-01 20:36:00+00:00,auth,0.47235586949607133,74.35662241814549,0.0021894858781394445,0.5875683923800287
2026-03-01 20:37:00+00:00,auth,0.480719579278097,83.57854601084934,0.007068548071412169,0.5903424027492131
2026-03-01 20:38:00+00:00,orders,0.40759962890535995,119.9876118632949,0.005298218959893981,0.5901048323144895
2026-03-01 20:39:00+00:00,payments,0.6711825096876889,180.57131079725286,0.012599088382852307,0.9195998750225439
2026-03-01 20:40:00+00:00,payments,0.6995179632137535,180.90586209458192,0.02123163216588489,0.5642862087080444
2026-03-01 20:41:00+00:00,payments,0.4755303992100176,155.52173493814698,0.022523683353352742,0.6709322397400804
2026-03-01 20:42:00+00:00,orders,0.5852743801539179,120.87325758514636,0.015849284465276774,0.8633586596551448
2026-03-01 20:43:00+00:00,auth,0.43396597930750974,85.89531778691733,0.007141331150477993,0.6629864889284053
2026-03-01 20:44:00+00:00,payments,0.6664144170495815,178.87972717460525,0.03268980671784016,0.8805852680544564
2026-03-01 20:45:00+00:00,auth,0.33702947522649923,117.12123627401323,0.007430228476933229,0.6479983720273668
2026-03-01 20:46:00+00:00,payments,0.5967118264582509,158.17935790296386,0.016376464450597036,0.7549978341346548
2026-03-01 20:47:00+00:00,orders,0.3227302934072067,141.1361547670782,0.0025341441938094757,0.6554813884497828
2026-03-01 20:48:00+00:00,payments,0.576893082540289,133.1555091965135,0.02100835495698089,0.7663313073516425
2026-03-01 20:49:00+00:00,orders,0.5983554610114842,77.03805833893854,0.01308636579114312,0.5552466608619308
2026-03-01 20:50:00+00:00,payments,0.72576111703617,170.93450517000014,0.006119556166980511,0.7214584437023878
2026-03-01 20:51:00+00:00,orders,0.4057104748074308,76.5756548631028,0.019875414138043654,0.5575162613976739
2026-03-01 20:52:00+00:00,payments,0.7927201961741653,153.31839367736032,0.02752330850634995,0.7429943538657264
2026-03-01 20:53:00+00:00,auth,0.4829596838599877,105.48390717870217,0.004659835874234455,0.5494217074775063
2026-03-01 20:54:00+00:00,orders,0.5448112121355727,126.02368459711742,0.014443342622336536,0.5351588076921794
2026-03-01 20:55:00+00:00,orders,0.5292748046404872,119.84342918717266,0.012853125392698964,0.7042912420271109
2026-03-01 20:56:00+00:00,auth,0.5809145149914929,76.53072437121722,0.009738683427429432,0.46046352969113047
2026-03-01 20:57:00+00:00,orders,0.6452584332564496,123.74389275022251,0.009197752655984623,0.5872060436396083
2026-03-01 20:58:00+00:00,auth,0.3526297016558704,94.8679183343134,0.009573522125858259,0.5344714722391283
2026-03-01 20:59:00+00:00,orders,0.52392103478875,109.8332043462062,0.012155236002442771,0.6314626228090837
2026-03-01 21:00:00+00:00,orders,0.47752752949689015,134.61578083327848,0.010739685922983218,0.6142842193005558
2026-03-01 21:01:00+00:00,payments,0.8273807060060395,150.0401954026346,0.011915929215429081,0.7877609530278535
2026-03-01 21:02:00+00:00,orders,0.4944057573625918,140.51805454580463,0.008070116960343224,0.6858343167146841
2026-03-01 21:03:00+00:00,auth,0.5204679609588732,84.30090469109545,0.0035167831405420805,0.577378495584842
2026-03-01 21:04:00+00:00,auth,0.43700323438139743,86.01890626743867,0.010097590195084664,0.5438333403688477
2026-03-01 21:05:00+00:00,auth,0.4557072957919807,92.59455909181534,0.014158054945837674,0.5137684713537876
2026-03-01 21:06:00+00:00,payments,0.7746288658656495,194.18860716568724,0.013513966687298033,0.6290513681107233
2026-03-01 21:07:00+00:00,orders,0.6545594491879198,130.6476104669336,0.01055062192262565,0.5437930316404382
2026-03-01 21:08:00+00:00,auth,0.3862971042507236,98.66839563765551,0.00851588099731118,0.580230785197592
2026-03-01 21:09:00+00:00,payments,0.6179292400206798,76.4738361437974,0.017822017641206313,0.7978058578908199
2026-03-01 21:10:00+00:00,orders,0.5882667272262805,114.26177391509917,0.012991905803132198,0.5231984942471286
2026-03-01 21:11:00+00:00,auth,0.43658806793508864,85.25038122562378,0.006988024513794482,0.5196833806871513
2026-03-01 21:12:00+00:00,orders,0.5052933016629155,73.63083347248313,0.008163914657346798,0.6401867576463435
2026-03-01 21:13:00+00:00,auth,0.5510031216289271,104.89392145828101,0.007573990356777437,0.5097547133019701
2026-03-01 21:14:00+00:00,orders,0.5187198222031938,136.92319657681682,0.00796859089657658,0.6740863356229907
2026-03-01 21:15:00+00:00,payments,0.6687992179328978,107.46947489521291,0.005496925237281201,0.5726996983114461
2026-03-01 21:16:00+00:00,payments,0.7143505158962669,114.38788720876889,0.019830160231431502,0.7428367972831538
2026-03-01 21:17:00+00:00,auth,0.5007858669391395,74.01286483400634,0.009845770300905684,0.5849162267442752
2026-03-01 21:18:00+00:00,payments,0.6433295744229408,139.10218057293582,0.025739730183400086,0.7278740963286326
2026-03-01 21:19:00+00:00,orders,0.3989540618473098,146.87803065678705,0.0051987828120391285,0.6499279081787876
2026-03-01 21:20:00+00:00,auth,0.5812618123786961,90.08874687307176,0.002807985183478345,0.5278405935896636
2026-03-01 21:21:00+00:00,orders,0.5749626780766387,134.18028506364755,0.01395362513044448,0.5471491643812405
2026-03-01 21:22:00+00:00,payments,0.6443840606702699,142.3617549070191,0.02034347058797833,0.6483706911807892
2026-03-01 21:23:00+00:00,orders,0.38161658630740813,100.64786659791486,0.014726616309835301,0.6809736357882255
2026-03-01 21:24:00+00:00,payments,0.72061284450638,104.78023056680857,0.0052888194865701975,0.7077314724674353
2026-03-01 21:25:00+00:00,payments,0.6234789089371474,120.4452590306752,0.017009525645362723,0.6477459847334447
2026-03-01 21:26:00+00:00,auth,0.5424188322284386,126.36743217234165,0.008493172108931907,0.5795283511182682
2026-03-01 21:27:00+00:00,payments,0.5497784369988973,124.17474964429289,0.023936231223835924,0.6028298673138255
2026-03-01 21:28:00+00:00,auth,0.4907360675250704,93.12311639675386,0.0068286081516115696,0.5818563218281698
2026-03-01 21:29:00+00:00,payments,0.5844079627580556,223.72272276227676,0.002976089872272736,0.6746385258386355
2026-03-01 21:30:00+00:00,auth,0.5820754168317455,110.06500309248642,0.013543475038868137,0.46884567991267406
2026-03-01 21:31:00+00:00,payments,0.6997301415507117,204.0522584324144,0.009401871889458287,0.5996011364628338
2026-03-01 21:32:00+00:00,payments,0.6303292620319951,137.64751746946052,0.02501234883265216,0.7422797464093248
2026-03-01 21:33:00+00:00,auth,0.49072952111168094,91.28128249442491,0.007477481798585126,0.521500710090767
2026-03-01 21:34:00+00:00,orders,0.6076616819251911,134.8234766606907,0.013158302221182588,0.5530525165613929
2026-03-01 21:35:00+00:00,payments,0.6674230974555172,139.09250129079604,0.020160763473578293,0.5949914505847635
2026-03-01 21:36:00+00:00,orders,0.551575943324214,138.9316535751518,0.01682585246364333,0.5730615219692254
2026-03-01 21:37:00+00:00,auth,0.5179591723757941,98.13087933461715,0.013003662833358558,0.6750221551933171
2026-03-01 21:38:00+00:00,auth,0.43924003325257044,89.20503527850232,0.004688777906653978,0.46703363898125705
2026-03-01 21:39:00+00:00,payments,0.7037087166422409,115.52388008435118,0.02129577265701403,0.7811977022991051
2026-03-01 21:40:00+00:00,auth,0.4646582071101444,87.61429386370114,0.009761777500408377,0.39066764408235755
2026-03-01 21:41:00+00:00,auth,0.41118033236898066,79.08724644584413,0.008958200791373687,0.41105238774059916
2026-03-01 21:42:00+00:00,payments,0.5887674390812629,92.756087603242,0.03287595846098649,0.591852093207118
2026-03-01 21:43:00+00:00,auth,0.5292708754216398,96.02421902540574,0.005392858256405653,0.5623287957261336
2026-03-01 21:44:00+00:00,orders,0.754825661961653,154.2939574515799,0.012439338185403638,0.5350441827750199
2026-03-01 21:45:00+00:00,auth,0.3775187463819594,78.07847935139925,0.008532188343910821,0.562473382242616
2026-03-01 21:46:00+00:00,auth,0.5147645239692363,99.318193308388,0.011637556510494801,0.5505911315659904
2026-03-01 21:47:00+00:00,payments,0.7131872979992787,146.49359440774427,0.02174842222804962,0.6533705084418994
2026-03-01 21:48:00+00:00,orders,0.44098780016481254,100.72558166698494,0.013960054686828784,0.7371042513786827
2026-03-01 21:49:00+00:00,auth,0.44665442597463884,105.19401806224275,0.007028624887140198,0.6571351863142801
2026-03-01 21:50:00+00:00,auth,0.5419872965427124,95.13143970132121,0.00292411205249071,0.346173245351765
2026-03-01 21:51:00+00:00,orders,0.530760411806343,115.01799914002895,0.013519187128187815,0.6770079386924615
2026-03-01 21:52:00+00:00,orders,0.7018458930830757,136.439985125156,0.01154229990290896,0.6744494038110986
2026-03-01 21:53:00+00:00,payments,0.6716726863804234,120.06444050267923,0.023263104083465436,0.6475396591784821
2026-03-01 21:54:00+00:00,payments,0.4941705604397374,147.4544840501397,0.0396859642177466,0.8425146728874838
2026-03-01 21:55:00+00:00,payments,0.7886535270304869,101.99382452869568,0.016289563535276073,0.7430289945616592
2026-03-01 21:56:00+00:00,payments,0.5749180781867392,127.14076625069227,0.011616937891052039,0.6888266197455606
2026-03-01 21:57:00+00:00,payments,0.4479395122496298,154.45881285908493,0.02142237118597706,0.7598719441069723
2026-03-01 21:58:00+00:00,auth,0.5125608292111882,85.99251773022031,0.007947311520567662,0.5916747099544659
2026-03-01 21:59:00+00:00,auth,0.5874452310352761,96.35551811032174,0.005292730715622462,0.6849150561442859
2026-03-01 22:00:00+00:00,auth,0.5111542283797051,85.67857722235023,0.006972977184008353,0.4697775388086629
2026-03-01 22:01:00+00:00,orders,0.6472250676262273,121.26302157163947,0.009345890859351764,0.7322490279028205
2026-03-01 22:02:00+00:00,payments,0.5150451919455068,160.98628793351813,0.02151192823511116,0.49928076526703113
2026-03-01 22:03:00+00:00,payments,0.5176850323253845,162.52415876226044,0.013786276864430333,0.7056866410359092
2026-03-01 22:04:00+00:00,payments,0.6357390650523287,110.38533047528888,0.009740823843561218,0.9097514177804762
2026-03-01 22:05:00+00:00,orders,0.4773409153578091,95.41879275487196,0.023070763078959555,0.873138432341485
2026-03-01 22:06:00+00:00,auth,0.3499571821042732,103.09765975651209,0.007755236690944637,0.5296154790568084
2026-03-01 22:07:00+00:00,auth,0.45531327789712595,64.36031482098826,0.0028830433519534482,0.4997686466217104
2026-03-01 22:08:00+00:00,auth,0.3779594965183629,85.30149684633895,0.0031530249820379656,0.48845231631379776
2026-03-01 22:09:00+00:00,payments,0.5998764443899139,175.64057190406686,0.03647875537672062,0.7232346506402673
2026-03-01 22:10:00+00:00,orders,0.5601570685536104,129.12155827058746,0.009740245100732459,0.466169650648086
2026-03-01 22:11:00+00:00,payments,0.5929484835595348,125.9936491019445,0.020614747763104183,0.7167913169169335
2026-03-01 22:12:00+00:00,payments,0.6981672162030726,168.9857374382192,0.012141716948783392,0.7648128379642196
2026-03-01 22:13:00+00:00,orders,0.5401799420773579,132.73055594393367,0.008670611444397819,0.5535461077210603
2026-03-01 22:14:00+00:00,auth,0.4237204110343608,62.12863206826403,0.009446200506576576,0.5338990395981569
2026-03-01 22:15:00+00:00,payments,0.6673862897311974,149.6808397014542,0.025327442418236788,0.7995605243314345
2026-03-01 22:16:00+00:00,payments,0.6647652657708715,108.70837502766156,0.017126838787509324,0.510253330711014
2026-03-01 22:17:00+00:00,payments,0.6750811303061562,140.51406886256436,0.01597694842945735,0.5417673518208973
2026-03-01 22:18:00+00:00,orders,0.5653760280654742,121.93518371928204,0.014170049117250536,0.5645442424242928
2026-03-01 22:19:00+00:00,auth,0.5657859903293705,69.06914837681913,0.006431843911490959,0.6741988226947604
2026-03-01 22:20:00+00:00,orders,0.4771187607613654,124.83086839795877,0.013259272076475027,0.5434262339855577
2026-03-01 22:21:00+00:00,auth,0.5046273667628387,109.09407121739473,0.00030576697453829887,0.7069909340390017
2026-03-01 22:22:00+00:00,payments,0.6977748134802462,160.96091226191302,0.022498182975315945,0.7310291291086146
2026-03-01 22:23:00+00:00,payments,0.3981251324044813,168.38896141423797,0.007664941854146479,0.638512343810249
2026-03-01 22:24:00+00:00,orders,0.5319611637569339,114.30847016291393,0.004976042261948363,0.5230175077156659
2026-03-01 22:25:00+00:00,payments,0.5899117922509093,145.77036307666745,0.02082101763133738,0.8412025262219914
2026-03-01 22:26:00+00:00,auth,0.4110748699994878,102.53258974760361,0.010354532109824406,0.5331248619967882
2026-03-01 22:27:00+00:00,auth,0.3890397843491721,79.92727673401293,0.00881710926582272,0.7124048171251577
2026-03-01 22:28:00+00:00,payments,0.39017689290615787,195.9533667180316,0.03330363846185402,0.6784825610114775
2026-03-01 22:29:00+00:00,orders,0.3961752862250958,152.5221365857533,0.017613391272818694,0.5930312242350171
2026-03-01 22:30:00+00:00,auth,0.4622947465013383,68.96495161542744,0.005858375527890548,0.5628461181587701
2026-03-01 22:31:00+00:00,orders,0.5521611106681275,100.18477195832111,0.011529027123245834,0.5105056656239535
2026-03-01 22:32:00+00:00,payments,0.6339665919477575,180.22532312959677,0.021729421297578485,0.5165469264286882
2026-03-01 22:33:00+00:00,auth,0.37484078954332106,48.496596270216884,0.004049509366825276,0.7002952821360866
2026-03-01 22:34:00+00:00,auth,0.4130201805822393,82.39106288894311,0.010507423688943012,0.5525361080277207
2026-03-01 22:35:00+00:00,payments,0.6294903730553221,142.30037650800742,0.014990303169732284,0.5831986083156002
2026-03-01 22:36:00+00:00,auth,0.4818406630085871,123.88581017146363,0.00904805186768129,0.5704846260836915
2026-03-01 22:37:00+00:00,auth,0.5408718425274688,96.08837980049107,0.01514780684805222,0.5892379578114268
2026-03-01 22:38:00+00:00,payments,0.7450085502268649,172.50365436410834,0.013943157756574062,0.43503239803694244
2026-03-01 22:39:00+00:00,orders,0.5805018606079649,107.07894321919687,0.006445344523921397,0.6501538130783672
2026-03-01 22:40:00+00:00,auth,0.5026133030557108,82.16598799530715,0.009260565796174812,0.8143082943494029
2026-03-01 22:41:00+00:00,auth,0.299609734398133,96.51112293300429,0.009163109423786045,0.6281028459875831
2026-03-01 22:42:00+00:00,auth,0.4813056710321182,68.1465830580778,0.007499216209674305,0.503418837603883
2026-03-01 22:43:00+00:00,payments,0.7606397831993232,208.0138045556456,0.014717280213239124,0.6865874462717088
2026-03-01 22:44:00+00:00,orders,0.5195322528620505,120.24168129760557,0.01794392057176937,0.6246528489285753
2026-03-01 22:45:00+00:00,orders,0.3946454198473691,139.33698860941965,0.01512837785798077,0.663292579828729
2026-03-01 22:46:00+00:00,orders,0.6289678676566317,87.05779025792019,0.005677290040260429,0.6656955606474427
2026-03-01 22:47:00+00:00,orders,0.5728072534193522,91.17347150516034,0.020885914201288623,0.6742706168084008
2026-03-01 22:48:00+00:00,auth,0.4650423501262805,85.8374729222331,0.010450327601602373,0.6375198296220687
2026-03-01 22:49:00+00:00,auth,0.48897231997608853,91.39268462222034,0.009875255603744462,0.5310533970332527
2026-03-01 22:50:00+00:00,payments,0.6523052553077604,208.8145380234908,0.01596829857561775,0.6911615872735616
2026-03-01 22:51:00+00:00,orders,0.47465864120691215,75.16997282983621,0.015293986841830965,0.5863931956858506
2026-03-01 22:52:00+00:00,orders,0.5147459597845743,120.71929495557195,0.01194901942187477,0.8109029062370301
2026-03-01 22:53:00+00:00,auth,0.5731346777155846,88.79459087450532,0.011755175025695584,0.5208199853679033
2026-03-01 22:54:00+00:00,auth,0.315573320623668,101.07128570366113,0.006436031244088146,0.6326881087913689
2026-03-01 22:55:00+00:00,auth,0.41862276023662265,94.82503316730474,0.006693777581168113,0.5624868470216923
2026-03-01 22:56:00+00:00,auth,0.5013634425955349,99.35656425351196,0.00656269048726406,0.5822860731609445
2026-03-01 22:57:00+00:00,payments,0.574960281486341,113.16000357532508,0.014977547737933822,0.6675537290218102
2026-03-01 22:58:00+00:00,payments,0.6833677223800312,122.20400666528548,0.02533049152859653,0.8178879039029738
2026-03-01 22:59:00+00:00,payments,0.5719290598943255,194.54756360201554,0.004134327174328134,0.8298519836516693
2026-03-01 23:00:00+00:00,auth,0.34928839203822404,80.36278804876937,0.010372405163536968,0.5611188177492235
2026-03-01 23:01:00+00:00,orders,0.40493975374963453,95.39727202145603,0.0199510940281089,0.6410988004833887
2026-03-01 23:02:00+00:00,payments,0.6298468083412316,118.25156847487088,0.02489600040329707,0.6929611576643888
2026-03-01 23:03:00+00:00,orders,0.44771308849998864,111.53989757960584,0.012796488919148204,0.4523763722637685
2026-03-01 23:04:00+00:00,orders,0.49159697882785747,134.55032017761758,0.01185958462447984,0.5297861828810404
2026-03-01 23:05:00+00:00,auth,0.5633164333637457,102.56941571774767,0.012495123320890197,0.5869266501284348
2026-03-01 23:06:00+00:00,auth,0.4857849628890461,112.80511726673588,0.006623478520552098,0.593997271794892
2026-03-01 23:07:00+00:00,orders,0.6505578731052136,105.88606014277738,0.008698499419890055,0.4633547309874966
2026-03-01 23:08:00+00:00,payments,0.7384749948656845,110.32376600124962,0.01496250779885951,0.4965306332523144
2026-03-01 23:09:00+00:00,auth,0.5192608790090383,76.41790672488023,0.0067256788166207265,0.4050426453835668
2026-03-01 23:10:00+00:00,payments,0.5686451519411634,135.4141760790286,0.021015582285562977,0.7717281580492258
2026-03-01 23:11:00+00:00,payments,0.7186246503166751,162.60680128423758,0.008984096718393089,0.7655360228508575
2026-03-01 23:12:00+00:00,orders,0.48244469482012725,125.08820450035402,0.014909252196535393,0.6215601166236177
2026-03-01 23:13:00+00:00,auth,0.4200339436934744,77.57226081999616,0.008942231671609398,0.6133258134887627
2026-03-01 23:14:00+00:00,orders,0.5976192293395883,113.41456602946212,0.0143830148366199,0.6090375298352
2026-03-01 23:15:00+00:00,orders,0.49155154174245785,134.7865149321216,0.012073400699448556,0.5778416871890488
2026-03-01 23:16:00+00:00,auth,0.5169634582976348,108.70098070848326,0.007262715499961296,0.481438446413576
2026-03-01 23:17:00+00:00,auth,0.5347930089192328,87.32118418626915,0.01085616095941967,0.44461606915524715
2026-03-01 23:18:00+00:00,payments,0.7045141505561533,146.92809880166712,0.02862904853479549,0.7409391570156945
2026-03-01 23:19:00+00:00,auth,0.47630146140960183,109.6534994889318,0.00124466812814286,0.5553271004913054
2026-03-01 23:20:00+00:00,auth,0.4764080624889087,83.80450003350943,0.005519884859249317,0.5667184802651564
2026-03-01 23:21:00+00:00,payments,0.5249729001156096,130.48309138783225,0.02796507968137498,0.8081479749308116
2026-03-01 23:22:00+00:00,orders,0.5623152804766688,130.45281748165618,0.008050068230661987,0.8009833501160463
2026-03-01 23:23:00+00:00,orders,0.5272744048070579,104.77745868415857,0.01264964927083037,0.669408458666922
2026-03-01 23:24:00+00:00,auth,0.47892402674972084,110.37063806778995,0.005652750998115663,0.5045195068342176
2026-03-01 23:25:00+00:00,orders,0.618575094008347,116.28966142519005,0.011651006071189312,0.6853488525301701
2026-03-01 23:26:00+00:00,auth,0.3995658314682433,91.84080143527633,0.001038931962841565,0.626482548613438
2026-03-01 23:27:00+00:00,orders,0.4918669795603298,142.96235474985087,0.005332628406328995,0.5362033860852107
2026-03-01 23:28:00+00:00,orders,0.39847245749978033,128.65429114559012,0.004640938243379072,0.5300769597802089
2026-03-01 23:29:00+00:00,orders,0.41562458717727313,89.26683472947511,0.014825766894048848,0.6233124949187259
2026-03-01 23:30:00+00:00,auth,0.4496729923831753,93.61520352651773,0.005109084666893588,0.4526259866903275
2026-03-01 23:31:00+00:00,orders,0.49213102554515187,134.42359734577042,0.0,0.6355706425687003
2026-03-01 23:32:00+00:00,auth,0.4493234227283349,111.90605230337866,0.005254531652462221,0.5274445000981953
2026-03-01 23:33:00+00:00,payments,0.7371283541039141,129.77362614826473,0.02567672420600059,0.5935171903538959
2026-03-01 23:34:00+00:00,payments,0.7068422979908655,128.62988806761874,0.005881961793651684,0.9108755386185139
2026-03-01 23:35:00+00:00,auth,0.4868375705047447,84.9352133157816,0.007396686036443509,0.51321006920536
2026-03-01 23:36:00+00:00,auth,0.5299876972837206,76.82429065705058,0.01133889767498079,0.5562730183728529
2026-03-01 23:37:00+00:00,orders,0.4275846026389753,96.13856630640277,0.0130270526348063,0.45293195895969884
2026-03-01 23:38:00+00:00,payments,0.6412118476109924,123.61471114023172,0.02463296856852842,0.6140572246858131
2026-03-01 23:39:00+00:00,payments,0.5461444196169583,218.44898631828187,0.02123884070108567,0.7849222927200854
2026-03-01 23:40:00+00:00,payments,0.5354873379566873,158.92533213556663,0.005157830022939458,0.5412652305586648
2026-03-01 23:41:00+00:00,payments,0.5708571165406675,176.60277163214215,0.017805620929833475,0.6169735312729949
2026-03-01 23:42:00+00:00,orders,0.5769190814111597,151.07528753914212,0.009609584711230877,0.6037723679435419
2026-03-01 23:43:00+00:00,auth,0.38590247426151136,83.72010108760304,0.007264818046427893,0.5823091427717791
2026-03-01 23:44:00+00:00,orders,0.49808086516277306,142.53017447650254,0.01854123303439955,0.6212664874586155
2026-03-01 23:45:00+00:00,orders,0.7537145895023789,126.37748047020482,0.009532658954230621,0.6006365750805984
2026-03-01 23:46:00+00:00,payments,0.6896853909621156,135.3276759564323,0.020916275912266098,0.8616368646725336
2026-03-01 23:47:00+00:00,auth,0.4512493678776296,96.33267530900395,0.004907558839186539,0.47936856403011646
2026-03-01 23:48:00+00:00,auth,0.5637018883361281,68.0793729894728,0.007829136376359413,0.6179426141964983
2026-03-01 23:49:00+00:00,orders,0.38360568643765813,123.45912255559625,0.01529742107125948,0.5467948628887991
2026-03-01 23:50:00+00:00,orders,0.5583269860838821,115.40129036739675,0.010015430793811042,0.5714418336270974
2026-03-01 23:51:00+00:00,auth,0.40794882398312055,98.9245926371157,0.011147520864324047,0.565040189466776
2026-03-01 23:52:00+00:00,auth,0.4024424987896776,82.4572015533516,0.005072123551655285,0.40864429973504723
2026-03-01 23:53:00+00:00,auth,0.47416143342818357,106.0693772502699,0.005268275348235655,0.40331268476823756
2026-03-01 23:54:00+00:00,auth,0.5191069633339724,56.480355731393395,0.00967564687782267,0.5590144565656552
2026-03-01 23:55:00+00:00,orders,0.4384842278844898,134.9275269308006,0.012568740767430718,0.6040826725784484
2026-03-01 23:56:00+00:00,orders,0.495593879365559,111.84288027183464,0.015684182654600257,0.6281720021249043
2026-03-01 23:57:00+00:00,auth,0.4607998238892462,78.98807914854164,0.007335391652807599,0.5423226145770917
2026-03-01 23:58:00+00:00,orders,0.552727752600649,125.18253715407766,0.0096872214183771,0.6744312424295511
2026-03-01 23:59:00+00:00,auth,0.5530272413305892,66.38944588272257,0.009942454072128423,0.5517263909140294
2026-03-02 00:00:00+00:00,payments,0.5248812315858462,144.42129968441853,0.022448602190585205,0.683910017699915
2026-03-02 00:01:00+00:00,payments,0.6781263473481857,128.59338055888935,0.019418090935590843,0.7939922605132798
2026-03-02 00:02:00+00:00,orders,0.33071657626131423,139.1825560634279,0.01698277442249202,0.7172770584455784
2026-03-02 00:03:00+00:00,orders,0.5613143505109225,107.64025604243703,0.007031510614467584,0.5935087048825475
2026-03-02 00:04:00+00:00,auth,0.5199755787796569,78.43278747090466,0.00795905962461411,0.5577614034775826
2026-03-02 00:05:00+00:00,auth,0.5189274046823044,93.4673226155252,0.010104990944268701,0.5780447871608145
2026-03-02 00:06:00+00:00,auth,0.49878815509268654,87.49082724370344,0.004894765657878077,0.6358119687878641
2026-03-02 00:07:00+00:00,auth,0.622935717024226,86.45271403472779,0.007963746047635199,0.4711116079265954
2026-03-02 00:08:00+00:00,orders,0.7112616716046751,106.44375972020472,0.013472964212791896,0.5789459423496178
2026-03-02 00:09:00+00:00,orders,0.4991905531468267,93.7239594240619,0.016613198613939263,0.6593890106180875
2026-03-02 00:10:00+00:00,auth,0.44563868177937693,87.77141180067915,0.00736792995691053,0.4662422725679365
2026-03-02 00:11:00+00:00,orders,0.5633827071124959,96.58159958522421,0.015300187458951675,0.6749760424769768
2026-03-02 00:12:00+00:00,payments,0.4934068918233768,70.44874995242394,0.020329851334779037,0.7336955388719246
2026-03-02 00:13:00+00:00,payments,0.6075524557117267,108.65972169456401,0.029788891138024763,0.6995041843999827
2026-03-02 00:14:00+00:00,payments,0.642061253003141,95.68143960058816,0.027808271279285438,0.8463850324932689
2026-03-02 00:15:00+00:00,auth,0.319753439555344,92.84743536867921,0.004352327227687608,0.4725340913690095
2026-03-02 00:16:00+00:00,orders,0.632242952381286,79.77530314828695,0.021582224383677052,0.5809219610067002
2026-03-02 00:17:00+00:00,auth,0.5722978053061999,75.88049541279649,0.003309566156393935,0.5831133333734966
2026-03-02 00:18:00+00:00,auth,0.42796103983302225,99.89589497258672,0.010057247105823985,0.6595957902917157
2026-03-02 00:19:00+00:00,auth,0.4675516311040123,99.27732358539677,0.006947142853346066,0.5254928449408393
2026-03-02 00:20:00+00:00,auth,0.5516685479402369,95.39053112718541,0.004933159155058011,0.35986401246722766
2026-03-02 00:21:00+00:00,auth,0.3478418321258752,97.79146819851769,0.007711463189230003,0.42368057099117
2026-03-02 00:22:00+00:00,auth,0.37238469501257027,94.14985201132123,0.011384056572047909,0.49335706217631914
2026-03-02 00:23:00+00:00,orders,0.5252441849975703,136.05623335834164,0.008182803413446698,0.6911354129269555
2026-03-02 00:24:00+00:00,orders,0.48771358303216655,159.79611992582096,0.0051042537432570605,0.7081626807040375
2026-03-02 00:25:00+00:00,auth,0.34791054440168023,118.49102623823495,0.0011577864638842314,0.5153816890003828
2026-03-02 00:26:00+00:00,auth,0.4044104596982203,88.78068160526486,0.003510083930290021,0.5273289098196219
2026-03-02 00:27:00+00:00,payments,0.8989643159564809,82.50648666145177,0.0,0.6863341175348099
2026-03-02 00:28:00+00:00,orders,0.33518372366504234,151.3572367563467,0.007028324457524403,0.7362517819092805
2026-03-02 00:29:00+00:00,orders,0.5976891647455477,84.22614125021664,0.015302212832742185,0.780048881604784
2026-03-02 00:30:00+00:00,orders,0.5298148431243993,135.9468027742364,0.014489614671346893,0.5420225475206505
2026-03-02 00:31:00+00:00,payments,0.4784952778927596,114.13923077105692,0.015460491561298542,0.5319261892436529
2026-03-02 00:32:00+00:00,payments,0.7919216023139146,189.74867038144893,0.01668279177964839,0.6296759908048295
2026-03-02 00:33:00+00:00,auth,0.49077456242118955,85.70083494331593,0.0052313406743141975,0.5630864898384734
2026-03-02 00:34:00+00:00,orders,0.44885845337506547,151.28633969831824,0.012511283298237079,0.621250838839926
2026-03-02 00:35:00+00:00,orders,0.5513937039249924,109.95018042374939,0.0063852147544643505,0.6210149926956794
2026-03-02 00:36:00+00:00,auth,0.496693148996894,79.4506138749967,0.012383536600160987,0.5350602935342043
2026-03-02 00:37:00+00:00,orders,0.4874687678874437,122.23184347430109,0.015834336466645303,0.6111733788320743
2026-03-02 00:38:00+00:00,auth,0.4793391925529988,75.54832261191028,0.00884776094875789,0.6439471688434726
2026-03-02 00:39:00+00:00,orders,0.49244164819960273,75.82635288229724,0.005876476111747298,0.5615663372350878
2026-03-02 00:40:00+00:00,orders,0.5945662040497838,125.86819569548611,0.017794747911884498,0.48629941970920354
2026-03-02 00:41:00+00:00,auth,0.3611063881275344,72.57739497358494,0.01030195172138368,0.5059186155454906
2026-03-02 00:42:00+00:00,payments,0.6464826655386008,148.66691496886938,0.003983211418184229,0.7651191728701694
2026-03-02 00:43:00+00:00,auth,0.2982927594357149,77.55683761476715,0.004579517242621308,0.4910145632419566
2026-03-02 00:44:00+00:00,payments,0.675228910981756,188.71691286963522,0.018753464465858495,0.7495509106362508
2026-03-02 00:45:00+00:00,orders,0.41954558298085404,96.60168595243621,0.026287192115699326,0.6283411501426104
2026-03-02 00:46:00+00:00,auth,0.46380475097732676,89.010474656871,0.004641392374188421,0.5983100430816369
2026-03-02 00:47:00+00:00,payments,0.6430182704727025,162.32947730702625,0.02799006217928405,0.5532941749764562
2026-03-02 00:48:00+00:00,orders,0.6342583757466382,124.39197039405332,0.013832255732857752,0.5508479906406879
2026-03-02 00:49:00+00:00,auth,0.4269756776453165,94.680131798968,0.009343441150168132,0.4371486344059105
2026-03-02 00:50:00+00:00,auth,0.4921570040201628,90.71598881973027,0.00817482299280634,0.5911753364256003
2026-03-02 00:51:00+00:00,payments,0.6789199500014756,173.47676477145478,0.009307457123275275,0.6375657480591799
2026-03-02 00:52:00+00:00,payments,0.6130946385201781,122.97309014086275,0.02069120750951898,0.6518278650797753
2026-03-02 00:53:00+00:00,payments,0.7899455199603205,165.71852862578012,0.010673412181628497,0.6734530405885775
2026-03-02 00:54:00+00:00,auth,0.509136753835489,79.28250611598402,0.00964621645659238,0.5682042546981014
2026-03-02 00:55:00+00:00,orders,0.41420824531934375,85.65353571184463,0.014915540678288715,0.6277394132672862
2026-03-02 00:56:00+00:00,payments,0.5797881741352805,171.86142702223037,0.012624703810562583,0.5724086411398448
2026-03-02 00:57:00+00:00,auth,0.46967690024410774,102.60258389627948,0.007436987027214644,0.5482046008065466
2026-03-02 00:58:00+00:00,orders,0.4803568732480263,131.9428809385071,0.009535701155522203,0.5485360812471032
2026-03-02 00:59:00+00:00,orders,0.713065157465992,142.53927885938717,0.002948933394565919,0.5210307488740092
2026-03-02 01:00:00+00:00,payments,0.7545458029397173,132.7005812329892,0.02981914907336028,0.6471628891880521
2026-03-02 01:01:00+00:00,auth,0.5132093159763098,100.35177741221327,0.008834431179363882,0.6870620885719411
2026-03-02 01:02:00+00:00,payments,0.5591196167765675,166.786211118485,0.013659537439105399,0.6371389514740472
2026-03-02 01:03:00+00:00,payments,0.6233722968958585,166.98563275724499,0.021697699912084995,0.7871533259761919
2026-03-02 01:04:00+00:00,auth,0.4760447961880548,87.76492369609176,0.008474357254715327,0.5102234043764227
2026-03-02 01:05:00+00:00,payments,0.5120841192480758,133.5134213660975,0.003030255071512101,0.7909121310990244
2026-03-02 01:06:00+00:00,orders,0.641461928547818,102.77004304226631,0.008986403184848888,0.6410868524339208
2026-03-02 01:07:00+00:00,auth,0.4971045293921027,80.85917397469403,0.010333302167254777,0.7248238536419264
2026-03-02 01:08:00+00:00,orders,0.5487843593245897,94.98770320897044,0.006535523794506253,0.6335829374125846
2026-03-02 01:09:00+00:00,auth,0.41067287159910826,97.6779908916172,0.010421024845833411,0.5419654840617522
2026-03-02 01:10:00+00:00,orders,0.4553522806048905,72.56749306390041,0.004764977117924922,0.672135377418884
2026-03-02 01:11:00+00:00,payments,0.6800526092382272,116.31694703187014,0.03289854049115904,0.6954189541911183
2026-03-02 01:12:00+00:00,auth,0.4474272010317979,92.63163022480546,0.0031403840168246905,0.4578386844023818
2026-03-02 01:13:00+00:00,orders,0.49236549239700966,114.1389022503461,0.020611799709978246,0.8167277389775862
2026-03-02 01:14:00+00:00,auth,0.473774326765987,69.72621836818934,0.0012581943339774332,0.565593566479586
2026-03-02 01:15:00+00:00,payments,0.7889638552619187,114.47615004305183,0.02282121957045199,0.6707960204129269
2026-03-02 01:16:00+00:00,auth,0.5174369932792193,89.04827641621833,0.011005236192954522,0.47390038397449863
2026-03-02 01:17:00+00:00,orders,0.5465947783127127,107.20493344580468,0.013364312590128866,0.6449560578089762
2026-03-02 01:18:00+00:00,orders,0.5433770909105639,85.8775729283428,0.013898437903069919,0.6636573590357716
2026-03-02 01:19:00+00:00,orders,0.5318216163336634,129.96641263886778,0.010454888174018753,0.5230194804019407
2026-03-02 01:20:00+00:00,payments,0.621490820219706,152.59516625764385,0.016540001258797905,0.7239924312039113
2026-03-02 01:21:00+00:00,payments,0.60834257314257,159.81029606367946,0.022604372079999158,0.6283424892544425
2026-03-02 01:22:00+00:00,payments,0.507392134062528,126.22422508626256,0.006721444568417516,0.5953167917832558
2026-03-02 01:23:00+00:00,orders,0.5372250737324235,110.10065159897772,0.011135644587782819,0.5041783303517263
2026-03-02 01:24:00+00:00,orders,0.5207062401265398,96.33380890980489,0.016822753411196666,0.7624546502096
2026-03-02 01:25:00+00:00,auth,0.43243811794428,93.66850136904134,0.01156317527978581,0.49985953217492
2026-03-02 01:26:00+00:00,payments,0.6047778081092461,150.79756023978297,0.027460245934021257,0.6159778791074283
2026-03-02 01:27:00+00:00,auth,0.4964817079012479,77.40427298917145,0.004938130941459988,0.5917626640012393
2026-03-02 01:28:00+00:00,auth,0.44139128456592347,92.6578074997242,0.0024204937803631145,0.6044465670920101
2026-03-02 01:29:00+00:00,orders,0.4102219137923989,107.79940707591017,0.011838314406523923,0.5368868198060026
2026-03-02 01:30:00+00:00,auth,0.4517720482870309,69.63248520639095,0.008297104463021603,0.5102265839796594
2026-03-02 01:31:00+00:00,orders,0.49351403320552506,143.56869985645153,0.014653469690123664,0.5260450335678222
2026-03-02 01:32:00+00:00,payments,0.454792631430632,167.11611108415457,0.015408121796028558,0.6465186836028542
2026-03-02 01:33:00+00:00,auth,0.5180663329416851,108.70660540017039,0.010792514679051589,0.6389924116037121
2026-03-02 01:34:00+00:00,payments,0.529583421460929,168.54572143995904,0.01636744387961252,0.5936526200207728
2026-03-02 01:35:00+00:00,payments,0.6549464650720049,196.55640360367465,0.014066755080276123,0.7262059559062874
2026-03-02 01:36:00+00:00,orders,0.6223161648588162,133.2646127626149,0.01101997851077492,0.6164810970905102
2026-03-02 01:37:00+00:00,payments,0.7750914517515536,188.3094249659413,0.013354788778035321,0.7829715673783708
2026-03-02 01:38:00+00:00,orders,0.41684991322039944,117.13942664703322,0.010289235546339764,0.6118826827960351
2026-03-02 01:39:00+00:00,orders,0.522940003961465,133.62031040622676,0.00496542917199069,0.5387744144201038
2026-03-02 01:40:00+00:00,orders,0.4662221464106241,94.45993695949174,0.0021112546881643587,0.592552410315821
2026-03-02 01:41:00+00:00,payments,0.9390131947352454,119.96125701730368,0.023557364893027267,0.5512901699201758
2026-03-02 01:42:00+00:00,auth,0.3204857740262091,107.47129979083205,0.013392783567302944,0.6526006206416908
2026-03-02 01:43:00+00:00,payments,0.5654756406422009,200.50758628614068,0.02004725480083378,0.7125128711216033
2026-03-02 01:44:00+00:00,auth,0.36924693703476674,86.46475731975849,0.009548892716304352,0.6749041405250633
2026-03-02 01:45:00+00:00,payments,0.7878830172309984,134.07070486332856,0.02321398513122432,0.6880064204733664
2026-03-02 01:46:00+00:00,orders,0.55002153864583,120.71214221599467,0.010692190494667991,0.7306438145885094
2026-03-02 01:47:00+00:00,payments,0.6568127728441813,181.34618437363284,0.017929642484115427,0.7441508685536803
